,count,mean,std,min,25%,50%,75%,max,iqr
Age,500.0,54.864,14.315004110560736,30.0,43.0,55.0,66.25,79.0,23.25
Gender,500.0,0.468,0.4994746739323223,0.0,0.0,0.0,1.0,1.0,1.0
BloodPressure,500.0,132.874,26.418516233884144,90.0,111.0,132.0,155.0,179.0,44.0
Cholesterol,500.0,221.5,43.86362999196651,150.0,183.75,221.0,258.0,299.0,74.25
HeartRate,500.0,88.766,17.417289339500325,60.0,73.0,89.0,104.0,119.0,31.0
QuantumPatternFeature,500.0,8.317407444794,0.9196289235469568,6.164692103,7.6757793145,8.323063611,8.93599865975,10.78488616,1.2602193452500003
HeartDisease,500.0,0.6,0.49038858257900714,0.0,0.0,1.0,1.0,1.0,1.0
